[
  {
    "openFlightsAirportId": "492",
    "airportName": "London Luton Airport",
    "city": "London",
    "country": "United Kingdom",
    "IATA": "LTN",
    "ICAO": "EGGW",
    "longitude": "51.87469864",
    "latitude": "-0.368333012",
    "altitude": "526",
    "timeZone": "0",
    "DST": "E",
    "timeZone": "Europe/London",
    "type": "airport",
    "source": "OurAirports"
  },
  {
    "openFlightsAirportId": "499",
    "airportName": "Jersey Airport",
    "city": "Jersey",
    "country": "Jersey",
    "IATA": "JER",
    "ICAO": "EGJJ",
    "longitude": "49.207901",
    "latitude": "-2.195509911",
    "altitude": "277",
    "timeZone": "0",
    "DST": "E",
    "timeZone": "Europe/Jersey",
    "type": "airport",
    "source": "OurAirports"
  },
  {
    "openFlightsAirportId": "502",
    "airportName": "London Gatwick Airport",
    "city": "London",
    "country": "United Kingdom",
    "IATA": "LGW",
    "ICAO": "EGKK",
    "longitude": "51.14810181",
    "latitude": "-0.190277994",
    "altitude": "202",
    "timeZone": "0",
    "DST": "E",
    "timeZone": "Europe/London",
    "type": "airport",
    "source": "OurAirports"
  },
  {
    "openFlightsAirportId": "503",
    "airportName": "London City Airport",
    "city": "London",
    "country": "United Kingdom",
    "IATA": "LCY",
    "ICAO": "EGLC",
    "longitude": "51.505299",
    "latitude": "0.055278",
    "altitude": "19",
    "timeZone": "0",
    "DST": "E",
    "timeZone": "Europe/London",
    "type": "airport",
    "source": "OurAirports"
  },
  {
    "openFlightsAirportId": "3469",
    "airportName": "San Francisco International Airport",
    "city": "San Francisco",
    "country": "United States",
    "IATA": "SFO",
    "ICAO": "KSFO",
    "longitude": "37.61899948",
    "latitude": "-122.375",
    "altitude": "13",
    "timeZone": "-8",
    "DST": "A",
    "timeZone": "America/Los_Angeles",
    "type": "airport",
    "source": "OurAirports"
  },
  {
    "openFlightsAirportId": "3720",
    "airportName": "Portland International Airport",
    "city": "Portland",
    "country": "United States",
    "IATA": "PDX",
    "ICAO": "KPDX",
    "longitude": "45.58869934",
    "latitude": "-122.5979996",
    "altitude": "31",
    "timeZone": "-8",
    "DST": "A",
    "timeZone": "America/Los_Angeles",
    "type": "airport",
    "source": "OurAirports"
  },
  {
    "openFlightsAirportId": "3453",
    "airportName": "Metropolitan Oakland International Airport",
    "city": "Oakland",
    "country": "United States",
    "IATA": "OAK",
    "ICAO": "KOAK",
    "longitude": "37.72129822",
    "latitude": "-122.2210007",
    "altitude": "9",
    "timeZone": "-8",
    "DST": "A",
    "timeZone": "America/Los_Angeles",
    "type": "airport",
    "source": "OurAirports"
  },
  {
    "openFlightsAirportId": "3484",
    "airportName": "Los Angeles International Airport",
    "city": "Los Angeles",
    "country": "United States",
    "IATA": "LAX",
    "ICAO": "KLAX",
    "longitude": "33.94250107",
    "latitude": "-118.4079971",
    "altitude": "125",
    "timeZone": "-8",
    "DST": "A",
    "timeZone": "America/Los_Angeles",
    "type": "airport",
    "source": "OurAirports"
  },
  {
    "openFlightsAirportId": "3486",
    "airportName": "Cleveland Hopkins International Airport",
    "city": "Cleveland",
    "country": "United States",
    "IATA": "CLE",
    "ICAO": "KCLE",
    "longitude": "41.4117012",
    "latitude": "-81.84980011",
    "altitude": "791",
    "timeZone": "-5",
    "DST": "A",
    "timeZone": "America/New_York",
    "type": "airport",
    "source": "OurAirports"
  },
  {
    "openFlightsAirportId": "3582",
    "airportName": "Long Beach /Daugherty Field/ Airport",
    "city": "Long Beach",
    "country": "United States",
    "IATA": "LGB",
    "ICAO": "KLGB",
    "longitude": "33.81769943",
    "latitude": "-118.1520004",
    "altitude": "60",
    "timeZone": "-8",
    "DST": "A",
    "timeZone": "America/Los_Angeles",
    "type": "airport",
    "source": "OurAirports"
  },
  {
    "openFlightsAirportId": "3644",
    "airportName": "Bob Hope Airport",
    "city": "Burbank",
    "country": "United States",
    "IATA": "BUR",
    "ICAO": "KBUR",
    "longitude": "34.20069885",
    "latitude": "-118.3590012",
    "altitude": "778",
    "timeZone": "-8",
    "DST": "A",
    "timeZone": "America/Los_Angeles",
    "type": "airport",
    "source": "OurAirports"
  },
  {
    "openFlightsAirportId": "3720",
    "airportName": "Portland International Airport",
    "city": "Portland",
    "country": "United States",
    "IATA": "PDX",
    "ICAO": "KPDX",
    "longitude": "45.58869934",
    "latitude": "-122.5979996",
    "altitude": "31",
    "timeZone": "-8",
    "DST": "A",
    "timeZone": "America/Los_Angeles",
    "type": "airport",
    "source": "OurAirports"
  }
]

